threshold,accuracy,precision,recall,f1
0.2,0.7806354009077155,0.46613545816733065,0.9140625,0.6174142480211082
0.21,0.7912254160363086,0.4791666666666667,0.8984375,0.625
0.22,0.8048411497730711,0.4977973568281938,0.8828125,0.6366197183098592
0.23,0.8169440242057489,0.5161290322580645,0.875,0.6492753623188405
0.24,0.8275340393343419,0.5336538461538461,0.8671875,0.6607142857142857
0.25,0.8350983358547656,0.5487179487179488,0.8359375,0.6625386996904025
0.26,0.8426626323751891,0.5652173913043478,0.8125,0.6666666666666666
0.27,0.8577912254160364,0.5988372093023255,0.8046875,0.6866666666666666
0.28,0.8638426626323752,0.6130952380952381,0.8046875,0.6959459459459459
0.29,0.8683812405446294,0.6257668711656442,0.796875,0.7010309278350515
0.3,0.8714069591527988,0.6352201257861635,0.7890625,0.7038327526132404
0.31,0.8744326777609682,0.6451612903225806,0.78125,0.7067137809187279
0.32,0.8789712556732224,0.66,0.7734375,0.7122302158273381
0.33,0.8744326777609682,0.6530612244897959,0.75,0.6981818181818182
0.34,0.8729198184568835,0.6549295774647887,0.7265625,0.6888888888888889
0.35,0.8789712556732224,0.6739130434782609,0.7265625,0.6992481203007519
0.36,0.8774583963691377,0.6715328467153284,0.71875,0.6943396226415094
0.37,0.8804841149773072,0.6842105263157895,0.7109375,0.6973180076628352
0.38,0.8819969742813918,0.6893939393939394,0.7109375,0.7
0.39,0.8850226928895613,0.7063492063492064,0.6953125,0.7007874015748031
0.4,0.8850226928895613,0.7131147540983607,0.6796875,0.696
0.41,0.886535552193646,0.7345132743362832,0.6484375,0.6887966804979253
0.42,0.8850226928895613,0.7321428571428571,0.640625,0.6833333333333333
0.43,0.8804841149773072,0.7247706422018348,0.6171875,0.6666666666666666
0.44,0.8819969742813918,0.7403846153846154,0.6015625,0.6637931034482759
0.45,0.8850226928895613,0.7549019607843137,0.6015625,0.6695652173913044
0.46,0.8804841149773072,0.7578947368421053,0.5625,0.6457399103139013
0.47,0.8789712556732224,0.7608695652173914,0.546875,0.6363636363636364
0.48,0.8804841149773072,0.7692307692307693,0.546875,0.639269406392694
0.49,0.8804841149773072,0.7752808988764045,0.5390625,0.6359447004608295
0.5,0.8774583963691377,0.7701149425287356,0.5234375,0.6232558139534884
0.51,0.8804841149773072,0.7951807228915663,0.515625,0.6255924170616114
0.52,0.8819969742813918,0.8289473684210527,0.4921875,0.6176470588235294
0.53,0.8835098335854765,0.8493150684931506,0.484375,0.6169154228855721
0.54,0.8804841149773072,0.8450704225352113,0.46875,0.6030150753768844
0.55,0.8789712556732224,0.875,0.4375,0.5833333333333334
0.56,0.8789712556732224,0.8870967741935484,0.4296875,0.5789473684210527
0.57,0.8804841149773072,0.9152542372881356,0.421875,0.5775401069518716
0.58,0.8789712556732224,0.9137931034482759,0.4140625,0.5698924731182796
0.59,0.8789712556732224,0.9137931034482759,0.4140625,0.5698924731182796
0.6,0.8744326777609682,0.9090909090909091,0.390625,0.546448087431694
